name,price,quantity,links
TWS Bluetooth Headphones Stereo Sound Earphones 30H Playtime Wireless Charging Case Bluetooth 5.0 wireless headset,US$5.50-US$7.80,10.0 pieces,https://www.alibaba.com/product-detail/TWS-Bluetooth-Headphones-Stereo-Sound-Earphones_1600572575422.html?s=p
USA UE Stock For GEN Pro 2 3 EU Warehouse pro Fashion Cases Generation Cover For Airpoding Pro2 3rd 3 Wireless Earphone,US$7.80-US$95.00,1 case,https://www.alibaba.com/product-detail/USA-UE-Stock-For-GEN-Pro_1600914177545.html?s=p
2023 Hot Sell TWS Earphone Wireless Bluetooth Earbuds Wireless Earbuds for Music Call SAA001 WJOY,US$6.33-US$7.19,10 units,https://www.alibaba.com/product-detail/2023-Hot-Sell-TWS-Earphone-Wireless_1600884516572.html?s=p
Popular Black Color Tiny Mini BT5.3 Wireless High Sound Quality Half in-ear TWS Earbuds With Charging Case,US$7.20-US$7.70,1000.0 pieces,https://www.alibaba.com/product-detail/Popular-Black-Color-Tiny-Mini-BT5_1600880118696.html?s=p
BWOO Wholesale Noise Reduction Gaming In-ear Wireless Earphones Blue Tooth V5.1usb C Port Private Label Wireless Headphones,US$9.50,10 pieces,https://www.alibaba.com/product-detail/BWOO-Wholesale-Noise-Reduction-Gaming-In_1600740780739.html?s=p
USA UE Stock For GEN Pro 2 3 EU Warehouse pro Fashion Cases Generation Cover For Airpoding Pro2 3rd 4 Wireless Earphone,US$7.80-US$18.80,1.0 piece,https://www.alibaba.com/product-detail/USA-UE-Stock-For-GEN-Pro_1600864519947.html?s=p
Custom Airpods Pro Lanyard Polyester Earphone Case Accessories incase Lanyard Strap Anti-Lost Earphone Cover Lanyard,US$0.10-US$0.25,100 pieces,https://www.alibaba.com/product-detail/Custom-Airpods-Pro-Lanyard-Polyester-Earphone_1600896417221.html?s=p
Free Sample For Apple Custom Logo Replacement case for Airpods Pro,US$0.30-US$0.39,2 pieces,https://www.alibaba.com/product-detail/Free-Sample-For-Apple-Custom-Logo_1600289046961.html
Silicone Cover Case For Apple Airpods Pro Candy color Wireless Silicone Shockproof Earphone Case Pro Protective Case,US$0.19-US$0.30,100 pieces,https://www.alibaba.com/product-detail/Silicone-Cover-Case-For-Apple-Airpods_1600682283556.html
Wireless Earbuds Up to 2X More Active Noise Cancelling Adaptive Transparency Personalized for Apple Pro (2nd Generation),US$3.60-US$10.80,10.0 pieces,https://www.alibaba.com/product-detail/Wireless-Earbuds-Up-to-2X-More_1600834116260.html
Airpods Pro 1 1 Originale Headset Blue tooth Pro 6 Earbuds,US$4.50,100 pieces,https://www.alibaba.com/product-detail/Airpods-Pro-1-1-Originale-Headset_1600910171540.html
Silicone Earpods Protective Case Cover Sleeve For Apple Airpods Pro,US$0.26-US$0.47,20.0 pieces,https://www.alibaba.com/product-detail/Silicone-Earpods-Protective-Case-Cover-Sleeve_1600828423532.html
luxury Designer Fashion silicone case for airpods 3 2 1 pro,US$0.80-US$1.25,1 piece,https://www.alibaba.com/product-detail/luxury-Designer-Fashion-silicone-case-for_1600300259792.html
USA Stock Verified IOS 16.2 For Airpodes Pro2 For Airpodes 3 Airoha Silicone Earphone For Airpodes 2,US$8.00-US$10.00,2 pieces,https://www.alibaba.com/product-detail/USA-Stock-Verified-IOS-16-2_1600800509370.html
Luxury Designer with rope Cute 2 3rd gen 3 Silicone Cover for Apple Airpod Pro Cases for Airpods Case,US$1.20,10.0 pieces,https://www.alibaba.com/product-detail/Luxury-Designer-with-rope-Cute-2_1600527196059.html
Mobile Phone Wireless Earphone air2 air pro3 airoha ANC Appled airs pods pro oem appled airpodding pro Origin Earbuds,US$8.00-US$20.00,8 pieces,https://www.alibaba.com/product-detail/Mobile-Phone-Wireless-Earphone-air2-air_1600485214632.html
Best selling products 2023 For Airpods airpods pro Audifonos Blue tooth Wireless Earbud In Ear Headphones for Iphone,US$1.79-US$3.22,1 piece,https://www.alibaba.com/product-detail/Best-selling-products-2023-For-Airpods_1600205168655.html
Factory direct sale tpu transparent protection case for airpodes 2 3 airpodes pro 2 case ios 16 valid number case for,US$0.99,1 bag,https://www.alibaba.com/product-detail/Factory-direct-sale-tpu-transparent-protection_1600900260431.html
2pcs for Apple Airpods Pro for Airpods 3 Silicone In-Ear Earphone Covers Cap Replacement Earbud Bud Tips Earbuds,US$0.09-US$0.49,1 pair,https://www.alibaba.com/product-detail/2pcs-for-Apple-Airpods-Pro-for_1600740540332.html
Multi 5 In 1 Headset Headphone Earphone Earbuds Cleaner Cleaning Pen Kit Tool Brush Air Set Pod 5 In 1 Clean For,US$0.40-US$0.46,2 sets,https://www.alibaba.com/product-detail/Multi-5-In-1-Headset-Headphone_1600777392129.html
Wholesale Cartoon Cute Fashion Silicone Case for AirPods 1 2 for AirPods Pro for AirPods 3 Case,US$0.85-US$0.99,50 pieces,https://www.alibaba.com/product-detail/Wholesale-Cartoon-Cute-Fashion-Silicone-Case_1600825259862.html
2020 New Arrivals Airpods Case Earphones Real Leather Protective Cover Charging Headphones Case For Apple pro,US$4.71-US$5.50,2 pieces,https://www.alibaba.com/product-detail/2020-New-Arrivals-Airpods-Case-Earphones_62487434694.html
Soft Silicone Cases for Airpod pro 2nd 3rd generation Protective Wireless Earphone Cover for Air Pods Charging Box Bags,US$0.42-US$0.80,200 pieces,https://www.alibaba.com/product-detail/Soft-Silicone-Cases-for-Airpod-pro_1600141038166.html
Transparent Earphone Case For Airpods 3 Generation 2021 Cases Hard PC Clear Headphone Cover For Pro 3 2 1 Charging Bags,US$0.45-US$0.46,50 pieces,https://www.alibaba.com/product-detail/Transparent-Earphone-Case-For-Airpods-3_1600624312143.html
Wholesale Earphone Silicone Protective Case cover For AirPods Pro 2 charging case,US$0.49-US$0.69,1 piece,https://www.alibaba.com/product-detail/Wholesale-Earphone-Silicone-Protective-Case-cover_1600618273498.html
For Airpods Pro 2nd Generation 2022 Anti-Scratch Soft Silicone Earphone Cover Case,US$0.43-US$0.47,100 pieces,https://www.alibaba.com/product-detail/For-Airpods-Pro-2nd-Generation-2022_1600657190377.html
Hot sale Airpods pro Silicone Protective Case Cover and Skin for Airpods pro Charging Case With Wireless earphone,US$1.00-US$1.25,10 pieces,https://www.alibaba.com/product-detail/Hot-sale-Airpods-pro-Silicone-Protective_62372683243.html
2022 Earphone Suppliers Wholesale Original Earbuds Cover PC TPU Earphones Case For Airpods Pro 1 2 3 For Pro,US$1.75-US$1.90,10 pieces,https://www.alibaba.com/product-detail/2022-Earphone-Suppliers-Wholesale-Original-Earbuds_1600487032896.html
3D Cute Soft Silicone Luxury Sneakers Jor dan Designer Protection Cover airpod 1/2/3 Airpods pro case for Apple earphone,US$1.33-US$1.89,1 piece,https://www.alibaba.com/product-detail/3D-Cute-Soft-Silicone-Luxury-Sneakers_1600853885311.html
Newest For Airpods Pro 1 2 3 Wholesale Custom logo TPU Transparent Earphone Case Airpods Cover,US$0.19-US$0.50,1 piece,https://www.alibaba.com/product-detail/Newest-For-Airpods-Pro-1-2_1600883465232.html
Wholesale Earphone Protective Headphone Cover Designer Case For Airpod Pro 3,US$0.90-US$1.68,50.0 pieces,https://www.alibaba.com/product-detail/Wholesale-Earphone-Protective-Headphone-Cover-Designer_1600477816491.html
No Hinge Support Wireless Charging Protective Silicone Cover Case Compatible with Apple AirPods 1 & 2,US$0.65-US$0.90,500.0 pieces,https://www.alibaba.com/product-detail/No-Hinge-Support-Wireless-Charging-Protective_62373874198.html
High Quality Shockproof Silicone Headphone Pattern Earphone For Apple Airpods 1 2nd Cover Case,US$15.00,10 pieces,https://www.alibaba.com/product-detail/High-Quality-Shockproof-Silicone-Headphone-Pattern_1600626492875.html
High quality wireless tws earphone bt 5.0 wireless earbuds good air pro 6 tws earbuds for for airpods pro 6,US$2.55-US$2.95,10 pieces,https://www.alibaba.com/product-detail/High-quality-wireless-tws-earphone-bt_1600567298218.html
Atouchbo Hot Selling Silicone Earphone Case For Airpod Pro 2 Protective Case Cover Shockproof Pro Case,US$1.34-US$1.54,50 pieces,https://www.alibaba.com/product-detail/Atouchbo-Hot-Selling-Silicone-Earphone-Case_1600625198420.html
2019 NEW PRODUCT Two Tones Silicone Protective Case for Airpods Pro With Keychain Carabiner,US$1.40-US$1.52,10 pieces,https://www.alibaba.com/product-detail/2019-NEW-PRODUCT-Two-Tones-Silicone_62372295091.html
Silicone Protective Earbuds Case for airpods pro,US$0.40-US$0.45,20 pieces,https://www.alibaba.com/product-detail/Silicone-Protective-Earbuds-Case-for-airpods_1600743645053.html
Leather Earphone Bag Pro Case Stock Luxury for Apple Airpods Gift OEM Customized Box Pods Suit Air Pods Color,US$0.45-US$1.00,10 pieces,https://www.alibaba.com/product-detail/Leather-Earphone-Bag-Pro-Case-Stock_1600663315740.html
Protective for Airpods Case Leather provide for Airpod pro 2 3rd generation 2022 Charging Case,US$0.50-US$0.96,5.0 pieces,https://www.alibaba.com/product-detail/Protective-for-Airpods-Case-Leather-provide_1600673996637.html
"Schokbestendig Silicone Airpods 2 Cover Case earphone accessories case, carrying silicone earphone case for 1 2 Gen",US$1.60-US$2.80,2 pieces,https://www.alibaba.com/product-detail/Schokbestendig-Silicone-Airpods-2-Cover-Case_1600179267871.html
New Bee 4 Pairs Replacement Silicone Ear Tips for Airpods Pro and Airpods Pro 2nd Generation with Noise Reduction Hole,US$1.85-US$2.12,50 boxes,https://www.alibaba.com/product-detail/New-Bee-4-Pairs-Replacement-Silicone_1600683585552.html
200+ Style 3D Cartoon Case For Airpods Pro Cute Custom Fundas Para Earphone Cover Accessories With Silicone For Case,US$0.49-US$0.98,10 pieces,https://www.alibaba.com/product-detail/200-Style-3D-Cartoon-Case-For_1600147668269.html
US EU Stock Free Shipping Earbuds Cover for Airpoded 2 3 Pro Shockproof Solid Protective Case for Appl Pro 3rd 2nd,US$9.80-US$18.00,10 pieces,https://www.alibaba.com/product-detail/US-EU-Stock-Free-Shipping-Earbuds_1600881971428.html
"1000+ Style Kawaii Funny 3D Cartoon Character Case For Airpods Pro, Silicone Case Cool Airpod Case for Men and Women",US$0.39-US$0.94,10 pieces,https://www.alibaba.com/product-detail/1000-Style-Kawaii-Funny-3D-Cartoon_1600716057240.html
airpro 2 2nd Generation Headphones Earbud Cover Support for Airpods pro 2 3 max Solid Protective Earphone Case,US$4.20-US$7.80,10.0 pieces,https://www.alibaba.com/product-detail/airpro-2-2nd-Generation-Headphones-Earbud_1600905048349.html
2019 Newest Protective Clear Transparent PC hard Cover for AirPods Pro Case Skin Case for Apple Pro,US$0.39-US$0.42,30 pieces,https://www.alibaba.com/product-detail/2019-Newest-Protective-Clear-Transparent-PC_62366899765.html
2023 Usa Stock DDP 2-4 Days Verified Ios 16.2 For Airpodes Pro2 For Airpodes 3 Airoha Silicone Earphone For 2,US$6.00-US$11.00,1 piece,https://www.alibaba.com/product-detail/2023-Usa-Stock-DDP-2-4_1600909959455.html
2023 New design silicone earphone case waterproof Protective case cover for Apple airpods pro 2,US$2.88-US$2.98,10 pieces,https://www.alibaba.com/product-detail/2023-New-design-silicone-earphone-case_1600887595895.html
2023 Luxury living 3K twill airpods protective case carbon fiber airpods protector for Apple airpods,US$11.27-US$11.85,100 pieces,https://www.alibaba.com/product-detail/2023-Luxury-living-3K-twill-airpods_62162990691.html
High quality fashion soft waterproof gradient airpods protective cover case set custom women for pro 3 2 1,US$1.18-US$1.45,10 pieces,https://www.alibaba.com/product-detail/High-quality-fashion-soft-waterproof-gradient_1600458627170.html
Dropping Shipping Dual Color Silicone Case For Airpods Pro For Airpods Pro Case Silicone For Airpod Pro Charging Case,US$1.78,1 piece,https://www.alibaba.com/product-detail/Dropping-Shipping-Dual-Color-Silicone-Case_1600658302152.html
Silicone Protective Earbuds Case for airpods pro,US$0.40-US$0.45,20 pieces,https://www.alibaba.com/product-detail/Silicone-Protective-Earbuds-Case-for-airpods_1600743645053.html
Silicone Earphone Case for AirPods 1/2 Earphones Pro Blank Custom Made Print Logo for Airpods Pro Cover,US$0.93-US$1.40,2 pieces,https://www.alibaba.com/product-detail/Silicone-Earphone-Case-for-AirPods-1_11000006114299.html
Shockproof Thick Silicone Earphone Bag for Apple Airpods 3 Solid Case for Airpods Headset Wireless Earbuds TPU Cover with Hook,US$0.45-US$0.70,50 pieces,https://www.alibaba.com/product-detail/Shockproof-Thick-Silicone-Earphone-Bag-for_1600333846508.html
Protective for Airpods Case Leather provide for Airpod pro 2 3rd generation 2022 Charging Case,US$0.50-US$0.96,5.0 pieces,https://www.alibaba.com/product-detail/Protective-for-Airpods-Case-Leather-provide_1600673996637.html
New Arrival Earphone Protective Wholesale Silicone 3D Cartoon Case For Airpod 2 3 pro,US$0.99-US$1.50,50 pieces,https://www.alibaba.com/product-detail/New-Arrival-Earphone-Protective-Wholesale-Silicone_1600445048623.html
Cute Cartoon Airpods Case 3D Coated Professional Protective Hook Earphone Case For Airpod Series,US$0.80-US$1.19,30 pieces,https://www.alibaba.com/product-detail/Cute-Cartoon-Airpods-Case-3D-Coated_1600535342105.html
Wholesale New Cute earphone Accessories For Airpods Pro 3 For Designers Airpod Case,US$0.78-US$1.19,2 pieces,https://www.alibaba.com/product-detail/Wholesale-New-Cute-earphone-Accessories-For_62486921276.html
Wholesale Silicone Earphone Case For Airpods Pro Thin Earphone Case For Airpods Cover Colorful Protective Case Skin Cover,US$0.27-US$0.31,2 pieces,https://www.alibaba.com/product-detail/Wholesale-Silicone-Earphone-Case-For-Airpods_1600589791113.html
KZDOO Luxcraft premium leather protective case cover shockproof colorful leather case for airpods pro 2 with lanyard included,US$6.28,10 pieces,https://www.alibaba.com/product-detail/KZDOO-Luxcraft-premium-leather-protective-case_1600697171753.html
Heat-dissipating leather braided protective case for Apple Airpods 3,US$0.90-US$1.10,10 pieces,https://www.alibaba.com/product-detail/Heat-dissipating-leather-braided-protective-case_1600380212525.html
"""3D Cartoon Earphone Case for AirPods Pro Earphone Headset Box for AirPods 1 2 3rd New Cramophone Cover Accessories Couple Case",US$0.39-US$0.69,10 pieces,https://www.alibaba.com/product-detail/-3D-Cartoon-Earphone-Case-for_1600694285518.html
High Quality Luxury Hard Case for AirPods Earphone Case with Hook for Apple Airpods 2 1 Charging Full Protective Leather Case,US$3.40-US$3.60,10 pieces,https://www.alibaba.com/product-detail/High-Quality-Luxury-Hard-Case-for_1600196967306.html
2mm thick Solid Colors Soft Silicone Case for Apple AirPods 1 2 3 Cover Earphone Accessories for Airpod pro 2 Case Air Pods 3rd,US$0.20-US$0.45,50 pieces,https://www.alibaba.com/product-detail/2mm-thick-Solid-Colors-Soft-Silicone_1600210522089.html
Factory Sale Biodegradable Earphone Cover with Wheat Straw For Apple Airpods Pro,US$1.25-US$1.39,3 pieces,https://www.alibaba.com/product-detail/Factory-Sale-Biodegradable-Earphone-Cover-with_62484115374.html
luxury Designer Fashion silicone case for airpods 3,US$0.80-US$1.25,1 piece,https://www.alibaba.com/product-detail/luxury-Designer-Fashion-silicone-case-for_1600468620331.html
Airpods Pro 1 1 Originale Headset Blue tooth Pro 6 Earbuds,US$4.50,100 pieces,https://www.alibaba.com/product-detail/Airpods-Pro-1-1-Originale-Headset_1600910171540.html
Silicone Protective Case For Airpods 1/2 For Airpods Pro Case,US$0.46-US$0.59,20 pieces,https://www.alibaba.com/product-detail/Silicone-Protective-Case-For-Airpods-1_1600468536498.html
Custom Logo High Quality White TPU Charging Case For Airpods 3 Custom Design Print For Airpods Pro Case,US$0.45-US$0.95,50 pieces,https://www.alibaba.com/product-detail/Custom-Logo-High-Quality-White-TPU_1600532203815.html
New Design Follow Brand Silicone Case For Airpods Pro With Lanyard With 3D Pendant Shoes,US$1.53-US$1.87,5 pieces,https://www.alibaba.com/product-detail/New-Design-Follow-Brand-Silicone-Case_1600381940671.html
design airpod silicone case for bose quietcomfort cases Custom solid color wireless headset bag for pro case,US$0.65-US$0.90,10 chains,https://www.alibaba.com/product-detail/design-airpod-silicone-case-for-bose_1600552981510.html
Sports Brand Earphone Case For Airpods Pro 1/2 Soft TPU Case Protective Cover Pure Color With Strap Apple Protector,US$0.70-US$0.93,20 pieces,https://www.alibaba.com/product-detail/Sports-Brand-Earphone-Case-For-Airpods_1600757746545.html
Us Eu Stock 2-5days Deliver Earbuds Cover For Airpoded 2 3 Pro Shockproof Solid Protective Case For Pro 3rd Max,US$8.00-US$75.00,2.0 pieces,https://www.alibaba.com/product-detail/Us-Eu-Stock-2-5days-Deliver_1600877098324.html
Soft Silicone Case for Apple Wireless Headphones AirPods 3 Pro 2 Plated Soft Shell AirPods 3 Case,US$1.99-US$2.68,5 pieces,https://www.alibaba.com/product-detail/Soft-Silicone-Case-for-Apple-Wireless_1600433737237.html
2022 Hot Sale Soft Silicone Shockproof Earphone Cover Case for Airpods Pro Airpods Protective Shell,US$0.89-US$1.19,100 pieces,https://www.alibaba.com/product-detail/2022-Hot-Sale-Soft-Silicone-Shockproof_1600572335789.html
"100+ Style Cartoon Toy Headphones Case For Airpods Pro 1 2 3 Case, 3D Soft Silicone Earphone Cover For case",US$0.35-US$0.50,10 pieces,https://www.alibaba.com/product-detail/100-Style-Cartoon-Toy-Headphones-Case_1600825549179.html
Hot Sale Airpodes Pro Earphone Case Earphone Accessories Wireless Headset Silicone Earphone & Headphone & Accessories 50g CN;GUA,US$0.39-US$0.59,50 pieces,https://www.alibaba.com/product-detail/Hot-Sale-Airpodes-Pro-Earphone-Case_1600529306007.html
Easy Installation Accurate Cutouts Transparent Earphone Cover Support Wireless Charging Clear Headphone Case for 1 2 Pro,US$0.50-US$0.70,10 pieces,https://www.alibaba.com/product-detail/Easy-Installation-Accurate-Cutouts-Transparent-Earphone_1600685321929.html
Sports Silicone Ear Hooks for Apple AirPods pro Accessories Anti-fall Bluetooth Earphone for airpod 2 3 Holder for 3 2 1,US$0.15-US$0.19,100 pairs,https://www.alibaba.com/product-detail/Sports-Silicone-Ear-Hooks-for-Apple_1600797035234.html
Fashion PU leather case for Airpods pro luxury Designer style cover for Airpod2 gen3 brand earphone case,US$2.22-US$2.52,10 pieces,https://www.alibaba.com/product-detail/Fashion-PU-leather-case-for-Airpods_1600092868752.html
Candy Clear Case For AirPods 3 Cover For Apple AirPods 3rd keychain Covers For Air Pods Pro 3 Protective Case Accessories,US$0.95-US$0.99,50 pieces,https://www.alibaba.com/product-detail/Candy-Clear-Case-For-AirPods-3_1600443378058.html
Silicone Cover Case For Apple Airpods Pro Case Sticker Case For Airpod For Air Pods Pro Earphone Accessories Skin For Airpodspro,US$0.14-US$0.59,10 pieces,https://www.alibaba.com/product-detail/Silicone-Cover-Case-For-Apple-Airpods_1600435490732.html
Best Selling Products 2023 Earphones For Airpod Pro Audifonos Blue tooth Wireless Earbud For iPhone,US$5.15-US$5.46,5 pieces,https://www.alibaba.com/product-detail/Best-Selling-Products-2023-Earphones-For_1600379126307.html
New Anti-lost Sport Silicone Earhooks Earphone Earbuds Cover Accessories For Airpods 1 2 3 Pro,US$0.21-US$0.29,50 pieces,https://www.alibaba.com/product-detail/New-Anti-lost-Sport-Silicone-Earhooks_1600456603615.html
basketball lanyard keychains aj 3d blue pink shoe sneaker airpods case for airpod pro airpods 3 1/2,US$1.49-US$2.79,20 pieces,https://www.alibaba.com/product-detail/basketball-lanyard-keychains-aj-3d-blue_1600587069539.html
USA Warehouse Fast Delivery High quality Hot Sell Earphone Case For Airpodes Pro 2 Airpodding Anc 2nd Gen3/ / ANC/ Max,US$5.00-US$85.88,1 piece,https://www.alibaba.com/product-detail/USA-Warehouse-Fast-Delivery-High-quality_1600912116224.html
Dekkin Stereo Mini Earbuds Sport Earphones Headphones Headset Audifonos Tws Wireless Ear Buds Earbuds for pro,US$5.90,50 pieces,https://www.alibaba.com/product-detail/Dekkin-Stereo-Mini-Earbuds-Sport-Earphones_1600891798298.html
For airpods pro 2 Case Weview Wholesale Wireless earphones Silicon protective case without hook,US$0.38-US$0.62,2 units,https://www.alibaba.com/product-detail/For-airpods-pro-2-Case-Weview_1600792618108.html
3D Funny Sneakers Shoe Box Earphone Case For Airpods 1 2 3 pro Silicone Headphones Case Charing Cover For airpod pros,US$0.94-US$1.51,5 pieces,https://www.alibaba.com/product-detail/3D-Funny-Sneakers-Shoe-Box-Earphone_1600769341839.html
Wholesale PU Leather Case for AirPods cover Wireless Earphone Cover Bag for airpods pro cover,US$1.30-US$1.67,10 sets,https://www.alibaba.com/product-detail/Wholesale-PU-Leather-Case-for-AirPods_1600151516890.html
leather case for airpod i12 for airpods 2 protective cover,US$2.60-US$5.00,20 pieces,https://www.alibaba.com/product-detail/leather-case-for-airpod-i12-for_62452037465.html
New fashion shockproof for AirPods 3 case full grain pebble leather earphone Cover case for airpods Pro,US$5.85-US$7.33,100 pieces,https://www.alibaba.com/product-detail/New-fashion-shockproof-for-AirPods-3_1600156948669.html
AhaStyle Premium Silicone Ear Tips for AirPods Pro Comfortable In-ear Design Silicone Ear hooks with Better Noise Cancelling,US$0.95-US$1.00,50 pieces,https://www.alibaba.com/product-detail/AhaStyle-Premium-Silicone-Ear-Tips-for_1700008512350.html
USA Stock Verified IOS 16.2 For Airpodes Pro2 For Airpodes 3 Airoha Silicone Earphone For Airpodes 2,US$8.00-US$10.00,2 pieces,https://www.alibaba.com/product-detail/USA-Stock-Verified-IOS-16-2_1600800509370.html
Silicone Earpods Protective Case Cover Sleeve For Apple Airpods Pro,US$0.26-US$0.47,20.0 pieces,https://www.alibaba.com/product-detail/Silicone-Earpods-Protective-Case-Cover-Sleeve_1600828423532.html
2pcs for Apple Airpods Pro for Airpods 3 Silicone In-Ear Earphone Covers Cap Replacement Earbud Bud Tips Earbuds,US$0.09-US$0.49,1 pair,https://www.alibaba.com/product-detail/2pcs-for-Apple-Airpods-Pro-for_1600740540332.html
Wholesale Cartoon Cute Fashion Silicone Case for AirPods 1 2 for AirPods Pro for AirPods 3 Case,US$0.85-US$0.99,50 pieces,https://www.alibaba.com/product-detail/Wholesale-Cartoon-Cute-Fashion-Silicone-Case_1600825259862.html
luxury Designer Fashion silicone case for airpods 3 2 1 pro,US$0.80-US$1.25,1 piece,https://www.alibaba.com/product-detail/luxury-Designer-Fashion-silicone-case-for_1600300259792.html
2020 New Arrivals Airpods Case Earphones Real Leather Protective Cover Charging Headphones Case For Apple pro,US$4.71-US$5.50,2 pieces,https://www.alibaba.com/product-detail/2020-New-Arrivals-Airpods-Case-Earphones_62487434694.html
For Airpods Pro 2nd Generation 2022 Anti-Scratch Soft Silicone Earphone Cover Case,US$0.43-US$0.47,100 pieces,https://www.alibaba.com/product-detail/For-Airpods-Pro-2nd-Generation-2022_1600657190377.html
Leather Earphone Bag Pro Case Stock Luxury for Apple Airpods Gift OEM Customized Box Pods Suit Air Pods Color,US$0.45-US$1.00,10 pieces,https://www.alibaba.com/product-detail/Leather-Earphone-Bag-Pro-Case-Stock_1600663315740.html
"1000+ Style Kawaii Funny 3D Cartoon Character Case For Airpods Pro, Silicone Case Cool Airpod Case for Men and Women",US$0.39-US$0.94,10 pieces,https://www.alibaba.com/product-detail/1000-Style-Kawaii-Funny-3D-Cartoon_1600716057240.html
airpro 2 2nd Generation Headphones Earbud Cover Support for Airpods pro 2 3 max Solid Protective Earphone Case,US$4.20-US$7.80,10.0 pieces,https://www.alibaba.com/product-detail/airpro-2-2nd-Generation-Headphones-Earbud_1600905048349.html
Professional wholesale manufacture skin soft solid color airpodes pro earphones silicone case cover for pro 3,US$0.30-US$0.40,10 packs,https://www.alibaba.com/product-detail/Professional-wholesale-manufacture-skin-soft-solid_1600189384616.html
Custom Cute Smile Face Funny Soft TPU Silicone Protective Cover Case for AirPods 1 2 Pro 3,US$0.52-US$0.95,5 pieces,https://www.alibaba.com/product-detail/Custom-Cute-Smile-Face-Funny-Soft_1600893208102.html
2022 Cute Luxury IMD Custom Designer Cover 3d Sneaker Shoe Keychain 2 3 2nd 3rd Generation Protective Case for Apple Pro,US$0.85-US$1.35,8 pieces,https://www.alibaba.com/product-detail/2022-Cute-Luxury-IMD-Custom-Designer_1600607028053.html
Hottest Memory foam eartips/ear cover for Airpods pro white,US$0.43-US$0.48,5000 pieces,https://www.alibaba.com/product-detail/Hottest-Memory-foam-eartips-ear-cover_62591913977.html
aj Sneaker Design for Airpod Pro Case 3d Charging Silicone AirJordan Shoe Box Sneakers Luxury Case,US$1.01-US$1.50,10 pieces,https://www.alibaba.com/product-detail/aj-Sneaker-Design-for-Airpod-Pro_1600407242466.html
New Silicone Case for AirPods 1/2/3/pro/Pro2 in Ear Headphones with metal Hook Phone Accessories,US$0.70-US$1.00,100 pieces,https://www.alibaba.com/product-detail/New-Silicone-Case-for-AirPods-1_1600614898978.html
Rhinestone Frosted Tpu Earphone Carry Case With Keychain With Iphone Case For Airpods Gen2 Gen3 Pro,US$1.90,5 pieces,https://www.alibaba.com/product-detail/Rhinestone-Frosted-Tpu-Earphone-Carry-Case_1600676417998.html
Free Shipping New Waterproof for Wireless Earphone Silicone Airpods Case Cover For Airpods Pro,US$0.79-US$0.92,20 pieces,https://www.alibaba.com/product-detail/Free-Shipping-New-Waterproof-for-Wireless_62449594313.html
Wholesale Earphone Protective Headphone Cover Designer Case For Airpod Pro 3,US$0.90-US$1.68,50.0 pieces,https://www.alibaba.com/product-detail/Wholesale-Earphone-Protective-Headphone-Cover-Designer_1600477816491.html
Wholesale Silicone Sneaker Shoe Box aj Design for Airpod 1 2 Case For Airpods Pro Case For airpods 3,US$1.39-US$1.59,1 piece,https://www.alibaba.com/product-detail/Wholesale-Silicone-Sneaker-Shoe-Box-aj_1600595179457.html
Soft Silicone Protective Earphone Case Suit Universal Portable Solid Color Mobile Phone Bags Cases for Pro,US$1.30-US$1.60,5 pieces,https://www.alibaba.com/product-detail/Soft-Silicone-Protective-Earphone-Case-Suit_1600643176288.html
New Arrival Shockproof Protective Earphone Cover Case For Airpods 2,US$0.46-US$0.59,20.0 pieces,https://www.alibaba.com/product-detail/New-Arrival-Shockproof-Protective-Earphone-Cover_1600468355532.html
200+ Style 3D Cartoon Case For Airpods Pro Cute Custom Fundas Para Earphone Cover Accessories With Silicone For Case,US$0.36-US$0.59,100 pieces,https://www.alibaba.com/product-detail/200-Style-3D-Cartoon-Case-For_1600758414787.html
Transparent Wireless Earphone Charging Cover Bag For AirPods Pro Hard PC Box Headset Clear Case for 1 2 3,US$0.50-US$0.60,50 pieces,https://www.alibaba.com/product-detail/Transparent-Wireless-Earphone-Charging-Cover-Bag_1600412503437.html
New Design Lanyard Incase Lanyard for AirPods Pro 2nd Gen,US$0.09-US$0.20,10 pieces,https://www.alibaba.com/product-detail/New-Design-Lanyard-Incase-Lanyard-for_1600618935902.html
Best Quality For Airpodes Pro Case Silicone For Airpod Case For Airpoder Pro 2 Cartoon Silicone Case,US$100.00,1 piece,https://www.alibaba.com/product-detail/Best-Quality-For-Airpodes-Pro-Case_1600474819937.html
Case For Airpods Pro Cover PU Leather Luxury Bag Shockproof Earphone Cover For Airpods Case,US$1.15-US$1.55,10 pieces,https://www.alibaba.com/product-detail/Case-For-Airpods-Pro-Cover-PU_1600527795707.html
Newest Custom Logo Silicone Earbuds Protective Case Cover silicone case for airpods pro 2,US$0.39-US$0.59,5 pieces,https://www.alibaba.com/product-detail/Newest-Custom-Logo-Silicone-Earbuds-Protective_1600622165256.html
Fashion backpack silicone case for apple Airpods cute kawaii bag with metal chain shockproof cover compatible for Airpod 12 pro,US$0.99-US$1.90,10 pieces,https://www.alibaba.com/product-detail/Fashion-backpack-silicone-case-for-apple_1600314385867.html
Black Apple Airpods Case Wireless Earphone for iphone airpods pro,US$5.80-US$6.20,50 pieces,https://www.alibaba.com/product-detail/Black-Apple-Airpods-Case-Wireless-Earphone_1600322657012.html
3D Cartoon Design Rubber Silicone Protective Earphone Case for Airpods Pro Wireless Headphone cover For Case Keychain,US$0.80-US$0.99,10 pieces,https://www.alibaba.com/product-detail/3D-Cartoon-Design-Rubber-Silicone-Protective_1600578267971.html
2022 3D Cute funda cover Luxury Sneakers shoe jordanl Designer airpod 1/2/3 Airpods pro case for Apple earphone Case,US$1.18-US$1.96,10 pieces,https://www.alibaba.com/product-detail/2022-3D-Cute-funda-cover-Luxury_1600430569259.html
Silicone Case For Airpods Pro 3 Protector Cute Cartoon Protective Skin With Hook,US$0.50,50 pieces,https://www.alibaba.com/product-detail/Silicone-Case-For-Airpods-Pro-3_62393949614.html
OEM ODM Customized Bulk Luxury Genuine Alcantar Leather Cover Cases For Airpods Pro 1 2Nd 3Rd Generation,US$6.50-US$8.50,2 pieces,https://www.alibaba.com/product-detail/OEM-ODM-Customized-Bulk-Luxury-Genuine_1600512903808.html
New Luxury Leather Case for Aiprods pro 2 generation Lychee Pattern protect Case cover for Airpods 1 2 3 pro,US$2.31-US$3.08,10 sets,https://www.alibaba.com/product-detail/New-Luxury-Leather-Case-for-Aiprods_1600621162018.html
Luxury Shock-proof rechargeable wireless protective earphone leather case for airpods pro,US$1.99-US$6.99,1.0 piece,https://www.alibaba.com/product-detail/Luxury-Shock-proof-rechargeable-wireless-protective_1600895850558.html
For AirPods Pro2 2022 Switch buckle Earphone Protective Case For AirPods Pro & 3 1 2 TPU PC Heavy duty Armor Cover +HOOK,US$0.99-US$2.07,5 pieces,https://www.alibaba.com/product-detail/For-AirPods-Pro2-2022-Switch-buckle_1600678059748.html
HuaMJ Wholesale 2022 new one-pice silicone earphones case for apple 2nd generation airpods pro 2 case,US$0.38-US$0.55,200 pieces,https://www.alibaba.com/product-detail/HuaMJ-Wholesale-2022-new-one-pice_1600191394749.html
Luxury cover for airpod case soft silicone for airpods pro 2 case for airpods 2 case 2022,US$0.20-US$0.35,10 pieces,https://www.alibaba.com/product-detail/Luxury-cover-for-airpod-case-soft_1600718099143.html
Newest 2022 8in1 Case Sets Shockprooof Case Cover For Airpods Pro 2 Earphone Accessories Storage Bag,US$1.19-US$1.89,30 pieces,https://www.alibaba.com/product-detail/Newest-2022-8in1-Case-Sets-Shockprooof_1600629222410.html
Custom Unique Pvc 3D Dinosaurs Design Earphone Cover Silicone Case for Apple AirPods Pro 2 3,US$0.63,100 pieces,https://www.alibaba.com/product-detail/Custom-Unique-Pvc-3D-Dinosaurs-Design_1600818746444.html
Original official Newest Custom design Hanging Incase Lanyard sling for AirPods Pro 2nd Generation Incase Lanyard String Rope,US$1.29-US$1.99,100 cases,https://www.alibaba.com/product-detail/Original-official-Newest-Custom-design-Hanging_1600619203277.html
Real Wood Case for Apple AirPods Pro 3 2 1,US$1.79-US$1.94,50 pieces,https://www.alibaba.com/product-detail/Real-Wood-Case-for-Apple-AirPods_1600887634247.html
New coming airpod 3 dust guard cover skin sticker for Airpods 3 2021,US$0.21-US$0.62,100 pieces,https://www.alibaba.com/product-detail/New-coming-airpod-3-dust-guard_1600384850518.html
New arrival New Upgrade Noise cancel ear tips Comfortable memory foam ear tips for airpods pro,US$0.89-US$1.25,10 pairs,https://www.alibaba.com/product-detail/New-arrival-New-Upgrade-Noise-cancel_62577588656.html
fashion purse Soft Silicone Cases For Airpods 1/2 Protective Wireless Earphone Cover For Apple for Air Pods Charging Box Bags,US$0.15-US$0.30,50 pieces,https://www.alibaba.com/product-detail/fashion-purse-Soft-Silicone-Cases-For_1600227537078.html
USA&EU Stock Noise Reduction ANC 3rd Generation Pro 2 Max Airoha 1562a Silicone earphone cover suitable for pro 2 3 max,US$9.26-US$85.00,2 pieces,https://www.alibaba.com/product-detail/USA-EU-Stock-Noise-Reduction-ANC_1600861896261.html
                                                                                                                                                                                                                                                                                                                                                                                                                                                                                                                                                                                                                                                                                                                                                                                                                                                                                                                                                                                                                                                                                                                                                                                                                                                                                                                                                                                                                                                                                                                                                                                                                                                                                                                                                                                                                                                                                                                                                                                                                                                                                                                                                                                                                                                                                                                                                                                                                                                                                                                                                                                                                                                                                                                                                                                                                                                                                                                                                                                                                                                                                                                                                                                                                                                                                                                                                                                                                                                                                                                                                                                                                                                                                                                                                                                                                                                                                                                                                                                                                                                                                                                                                                                                                                                                                                                                                                                                                                                                                                                                                                                                                                                                                                                                                                                                                                                                                                                                                                                                                                                                                                                                                                                                                                                                                                                                                                                                                                                                                                                                                                                                                                                                                                                                                                                                                                                                                                                                                                                                                                                                                                                                                                                                                                                                                                                                                                                                                                                                                                                                                                                                                                                                                                                                                                                                                                                                                                                                                                                                                                                                                                                                                                                                                                                                                                                                                                                                                                                                                                                                                                                                                                                                                                                                                                                                                                                                                                                                                                                                                                                                                                                                                                                                                                                                                                                                                                                                                                                                                                                                                                                                                                                                                                                                                                                                                                                                                                                                                                                                                                                                                                                                                                                                                                                                                                                                                                                                                                                                                                                                                                                                                                                                                                                                                                                                                                                                                                                                                                                                                                                                                                                                                                                                                                                                                                                                                                                                                                                                                                                                                                                                                                                                                                                                                                                                                                                                                                                                                                                                                                                                                                                               